title,genre,description,original_language
Bahubali,Action,A prince learns about his royal heritage.,te
Arjun Reddy,Drama,A surgeon goes into self-destruction after heartbreak.,te
Ala Vaikunthapurramuloo,Drama,A man discovers his true family.,te
Pushpa,Action,A red sandalwood smuggler rises to power.,te
RRR,Action,Two revolutionaries fight against British rule.,te
Magadheera,Action,A warrior is reborn to fulfill his past life's love.,te
Eega,Fantasy,A man reincarnates as a housefly to take revenge.,te
Sye,Sports,Rival rugby teams unite against a common enemy.,te
Happy Days,Drama,A group of friends navigate college life and love.,te
Oopiri,Drama,A quadriplegic billionaire forms a bond with his caretaker.,te
Geetha Govindam,Romance,A man tries to clear a misunderstanding with a woman.,te
Fidaa,Romance,A love story between an NRI and a village girl.,te
Majili,Romance,An ex-cricketer deals with lost love and redemption.,te
Jersey,Sports,A failed cricketer makes a comeback for his son.,te
Dear Comrade,Romance,A passionate man stands by his love against odds.,te
Sarileru Neekevvaru,Action,An army officer uncovers a corruption plot.,te
Dookudu,Action,A cop returns to fight crime in the city.,te
Srimanthudu,Drama,A rich man adopts a village to bring change.,te
Bharat Ane Nenu,Political,A student becomes CM to bring reforms.,te
Yevadu,Action,A man takes on another's identity to exact revenge.,te
Nenokkadine,Thriller,A rockstar struggles with hallucinations and past trauma.,te
Temper,Action,A corrupt cop transforms after a tragic incident.,te
Kick,Action,A thrill-seeker steals to help others.,te
Race Gurram,Action,Two brothers with different ideologies clash.,te
Attarintiki Daredi,Drama,A man tries to reunite his estranged family.,te
Manam,Fantasy,A reincarnated family reunites across generations.,te
Soggade Chinni Nayana,Fantasy,A spirit helps his son fix his marriage.,te
Khaidi No. 150,Action,A vigilante fights for farmers' rights.,te
Janatha Garage,Action,An environmentalist joins a vigilante group.,te
Nannaku Prematho,Thriller,A son seeks revenge for his father's downfall.,te
Rangasthalam,Drama,A man uncovers a political conspiracy in his village.,te
Mahanati,Biopic,The life story of legendary actress Savitri.,te
Goodachari,Spy,A young man uncovers secrets about his spy lineage.,te
Agent Sai Srinivasa Athreya,Detective,A quirky detective investigates a murder.,te
Taxiwaala,Sci-Fi,A cabbie drives a haunted car.,te
Evaru,Thriller,A murder mystery with unexpected twists.,te
Hit,Thriller,A cop investigates a missing woman case.,te
Uppena,Romance,A fisherman’s love is challenged by class divide.,te
Shyam Singha Roy,Drama,A man relives his past life as a reformer.,te
Bangarraju,Fantasy,A spirit returns to protect his family.,te
Sita Ramam,Romance,A soldier and a princess's love story unfolds.,te
Vakeel Saab,Drama,A lawyer fights for three women’s justice.,te
Middle Class Melodies,Comedy,A man's struggle to start a hotel in Guntur.,te
Jathi Ratnalu,Comedy,Three naive men get caught in a political plot.,te
Most Eligible Bachelor,Romance,An NRI meets his match in a stand-up comic.,te
Love Story,Romance,Two lovers overcome social challenges.,te
Karthikeya,Mystery,A doctor investigates temple mysteries.,te
DJ Tillu,Comedy,A young DJ gets tangled in unexpected crime.,te
Virata Parvam,Drama,A love story set against a Naxalite backdrop.,te
Bheemla Nayak,Action,A clash between a cop and a rich ex-army man.,te
Sita Ramam Part 1,Romance,"A soldier and a princess's love story unfolds, continued in part 1.",te
Bahubali Part 2,Action,"A prince learns about his royal heritage, continued in part 2.",te
Nenokkadine Part 3,Thriller,"A rockstar struggles with hallucinations and past trauma, continued in part 3.",te
Love Story Part 4,Romance,"Two lovers overcome social challenges, continued in part 4.",te
Janatha Garage Part 5,Action,"An environmentalist joins a vigilante group, continued in part 5.",te
Temper Part 6,Action,"A corrupt cop transforms after a tragic incident, continued in part 6.",te
Nenokkadine Part 7,Thriller,"A rockstar struggles with hallucinations and past trauma, continued in part 7.",te
Srimanthudu Part 8,Drama,"A rich man adopts a village to bring change, continued in part 8.",te
Janatha Garage Part 9,Action,"An environmentalist joins a vigilante group, continued in part 9.",te
Most Eligible Bachelor Part 10,Romance,"An NRI meets his match in a stand-up comic, continued in part 10.",te
Pushpa Part 11,Action,"A red sandalwood smuggler rises to power, continued in part 11.",te
Nannaku Prematho Part 12,Thriller,"A son seeks revenge for his father's downfall, continued in part 12.",te
Dear Comrade Part 13,Romance,"A passionate man stands by his love against odds, continued in part 13.",te
Pushpa Part 14,Action,"A red sandalwood smuggler rises to power, continued in part 14.",te
Dookudu Part 15,Action,"A cop returns to fight crime in the city, continued in part 15.",te
Kick Part 16,Action,"A thrill-seeker steals to help others, continued in part 16.",te
Yevadu Part 17,Action,"A man takes on another's identity to exact revenge, continued in part 17.",te
Majili Part 18,Romance,"An ex-cricketer deals with lost love and redemption, continued in part 18.",te
Kick Part 19,Action,"A thrill-seeker steals to help others, continued in part 19.",te
Karthikeya Part 20,Mystery,"A doctor investigates temple mysteries, continued in part 20.",te
Taxiwaala Part 21,Sci-Fi,"A cabbie drives a haunted car, continued in part 21.",te
Bangarraju Part 22,Fantasy,"A spirit returns to protect his family, continued in part 22.",te
Bharat Ane Nenu Part 23,Political,"A student becomes CM to bring reforms, continued in part 23.",te
Agent Sai Srinivasa Athreya Part 24,Detective,"A quirky detective investigates a murder, continued in part 24.",te
Temper Part 25,Action,"A corrupt cop transforms after a tragic incident, continued in part 25.",te
Virata Parvam Part 26,Drama,"A love story set against a Naxalite backdrop, continued in part 26.",te
Bharat Ane Nenu Part 27,Political,"A student becomes CM to bring reforms, continued in part 27.",te
Yevadu Part 28,Action,"A man takes on another's identity to exact revenge, continued in part 28.",te
Janatha Garage Part 29,Action,"An environmentalist joins a vigilante group, continued in part 29.",te
Kick Part 30,Action,"A thrill-seeker steals to help others, continued in part 30.",te
Oopiri Part 31,Drama,"A quadriplegic billionaire forms a bond with his caretaker, continued in part 31.",te
Soggade Chinni Nayana Part 32,Fantasy,"A spirit helps his son fix his marriage, continued in part 32.",te
Pushpa Part 33,Action,"A red sandalwood smuggler rises to power, continued in part 33.",te
Shyam Singha Roy Part 34,Drama,"A man relives his past life as a reformer, continued in part 34.",te
Middle Class Melodies Part 35,Comedy,"A man's struggle to start a hotel in Guntur, continued in part 35.",te
Bangarraju Part 36,Fantasy,"A spirit returns to protect his family, continued in part 36.",te
Dookudu Part 37,Action,"A cop returns to fight crime in the city, continued in part 37.",te
Yevadu Part 38,Action,"A man takes on another's identity to exact revenge, continued in part 38.",te
Soggade Chinni Nayana Part 39,Fantasy,"A spirit helps his son fix his marriage, continued in part 39.",te
Sye Part 40,Sports,"Rival rugby teams unite against a common enemy, continued in part 40.",te
Hit Part 41,Thriller,"A cop investigates a missing woman case, continued in part 41.",te
Bahubali Part 42,Action,"A prince learns about his royal heritage, continued in part 42.",te
Vakeel Saab Part 43,Drama,"A lawyer fights for three women’s justice, continued in part 43.",te
Magadheera Part 44,Action,"A warrior is reborn to fulfill his past life's love, continued in part 44.",te
Fidaa Part 45,Romance,"A love story between an NRI and a village girl, continued in part 45.",te
Dear Comrade Part 46,Romance,"A passionate man stands by his love against odds, continued in part 46.",te
Bangarraju Part 47,Fantasy,"A spirit returns to protect his family, continued in part 47.",te
Yevadu Part 48,Action,"A man takes on another's identity to exact revenge, continued in part 48.",te
Bangarraju Part 49,Fantasy,"A spirit returns to protect his family, continued in part 49.",te
Taxiwaala Part 50,Sci-Fi,"A cabbie drives a haunted car, continued in part 50.",te  yes please add